{
  "Visual Cortex": 0.16859644651412964,
  "Parietal Cortex": 0.1651410609483719,
  "Face-Selective Areas": 0.15889158844947815,
  "Motor Cortex": -0.004025002010166645,
  "Somatosensory Cortex": -0.020204616710543633,
  "Prefrontal Cortex": -0.10131308436393738,
  "Temporal Cortex": -0.12055237591266632,
  "Auditory Cortex": -0.14414454996585846,
  "Language Areas": -0.19324585795402527
}