{
  "Motor Cortex": 0.2067786604166031,
  "Somatosensory Cortex": 0.18595118820667267,
  "Auditory Cortex": 0.16516193747520447,
  "Parietal Cortex": 0.07925046235322952,
  "Prefrontal Cortex": 0.051095981150865555,
  "Language Areas": -0.03272539749741554,
  "Face-Selective Areas": -0.10495907068252563,
  "Visual Cortex": -0.10701020807027817,
  "Temporal Cortex": -0.11381859332323074
}