{"Visual Cortex": -0.12901416420936584, "Auditory Cortex": 0.00699489563703537, "Language Areas": -0.06928657740354538, "Motor Cortex": 0.03403724357485771, "Prefrontal Cortex": -0.029554937034845352, "Temporal Cortex": -0.07112384587526321, "Parietal Cortex": -0.02865218184888363, "Somatosensory Cortex": 0.02513504959642887, "Face-Selective Areas": -0.06462563574314117}