{"Visual Cortex": -0.1418563574552536, "Auditory Cortex": -0.1751551777124405, "Language Areas": -0.41442200541496277, "Motor Cortex": 0.0769287571310997, "Prefrontal Cortex": -0.10031192749738693, "Temporal Cortex": -0.2522086203098297, "Parietal Cortex": 0.0777798518538475, "Somatosensory Cortex": 0.06811664998531342, "Face-Selective Areas": -0.2595207393169403}