{"Visual Cortex": -0.16194568574428558, "Auditory Cortex": 0.2545589804649353, "Language Areas": 0.1285710483789444, "Motor Cortex": 0.08831896632909775, "Prefrontal Cortex": 0.042168281972408295, "Temporal Cortex": -0.045983098447322845, "Parietal Cortex": -0.048894237726926804, "Somatosensory Cortex": 0.060379140079021454, "Face-Selective Areas": -0.05868786945939064}