{"Visual Cortex": -0.10701020807027817, "Auditory Cortex": 0.16516193747520447, "Language Areas": -0.03272539749741554, "Motor Cortex": 0.2067786604166031, "Prefrontal Cortex": 0.051095981150865555, "Temporal Cortex": -0.11381859332323074, "Parietal Cortex": 0.07925046235322952, "Somatosensory Cortex": 0.18595118820667267, "Face-Selective Areas": -0.10495907068252563}