{"Visual Cortex": 0.09896668046712875, "Auditory Cortex": 0.04247843101620674, "Language Areas": 0.10489260405302048, "Motor Cortex": 0.10073971003293991, "Prefrontal Cortex": 0.08083589375019073, "Temporal Cortex": -0.03069760650396347, "Parietal Cortex": 0.15199075639247894, "Somatosensory Cortex": 0.0827183648943901, "Face-Selective Areas": 0.13116638362407684}