{
  "Parietal Cortex": 0.15199014544487,
  "Face-Selective Areas": 0.1311657726764679,
  "Language Areas": 0.10492876172065735,
  "Motor Cortex": 0.10073597729206085,
  "Visual Cortex": 0.09895630180835724,
  "Somatosensory Cortex": 0.08270736783742905,
  "Prefrontal Cortex": 0.08086121827363968,
  "Auditory Cortex": 0.042477305978536606,
  "Temporal Cortex": -0.030709169805049896
}