{
  "Parietal Cortex": 0.0777798518538475,
  "Motor Cortex": 0.0769287571310997,
  "Somatosensory Cortex": 0.06811664998531342,
  "Prefrontal Cortex": -0.10031192749738693,
  "Visual Cortex": -0.1418563574552536,
  "Auditory Cortex": -0.1751551777124405,
  "Temporal Cortex": -0.2522086203098297,
  "Face-Selective Areas": -0.2595207393169403,
  "Language Areas": -0.41442200541496277
}