{
  "Auditory Cortex": 0.2556743621826172,
  "Language Areas": 0.12934204936027527,
  "Motor Cortex": 0.08876149356365204,
  "Somatosensory Cortex": 0.06078317016363144,
  "Prefrontal Cortex": 0.042551446706056595,
  "Temporal Cortex": -0.04576290771365166,
  "Parietal Cortex": -0.04850427433848381,
  "Face-Selective Areas": -0.0581657700240612,
  "Visual Cortex": -0.16115154325962067
}